"y","X3","X4","X5","X6","X1","X2"
18.2130285973266,0.792764408921928,5.62796511312622,-5.45247634377981,-0.0535763415735478,"A3","B1"
9.59909748224935,0.854733008754762,5.00214395093178,-3.7477976150529,0.187457602613649,"A3","B2"
3.77054624552284,0.445348342659473,5.2843777227108,-1.61100405639588,0.00680471570858801,"A3","B3"
2.46613032518586,0.273251413268618,3.99822091378091,-0.998020844832107,0.0486317727554884,"A3","B4"
14.0988327768574,0.802943727920197,4.38277807136597,-1.53549034404943,0.228737704877962,"A3","B1"
0.752467909293251,-0.408977983851864,5.82819423946287,0.229462303282191,0.165481186367736,"A3","B2"
8.45390069923504,0.815049275534195,4.91518135432569,0.447887360361326,0.0696116375083661,"A3","B3"
3.44497620324805,0.361907947387392,4.56528008306388,-7.86636983063721,-0.0762405688057299,"A3","B4"
6.32175400257116,0.357920128028315,3.79516471089929,0.378848783998286,0.272256287360729,"A3","B1"
2.57005367341607,0.0403389987629358,3.97931312007989,-1.22871741375784,-0.177108350995189,"A3","B2"
3.86182921494371,0.441876096823999,4.02877079703928,-5.22175490720967,0.0777968027900331,"A3","B3"
29.435973086839,1.40865602185211,4.83908663782316,-2.24263824647912,0.0823810180049076,"A3","B4"
13.79276924801,0.685313932128977,6.20468703481302,-4.01099321673209,0.141982694257277,"A3","B1"
11.1483911144338,0.760108228777479,5.06674621666017,-0.155881192344877,-0.263058761151102,"A3","B2"
3.04396890310791,0.124734002748834,4.11754231634645,-4.98105114013287,-0.307386711781724,"A3","B3"
10.3055579980429,0.908449919760292,4.9800802620196,-0.950838700348668,-0.129200511755489,"A3","B4"
4.00988092820861,0.0568212393783936,5.32801648002383,-2.76482529539015,-0.193728597501286,"A3","B1"
3.74386431289454,0.334211205028724,4.06937138330659,-1.39989572803325,-0.209138953164781,"A3","B2"
15.0757167716212,1.06035632583478,3.86858503189088,-0.373240102048831,-0.0264117734634391,"A3","B3"
5.57785891586222,0.649361849633647,6.0862303889986,-2.58446804943847,0.0277449417818787,"A3","B4"
28.0571034724728,0.889810962277662,5.51424210222305,-0.179436096387131,-0.321960869053766,"A3","B1"
15.6387037195372,1.22789254123843,5.29316838075921,-4.9910312229264,0.194598289109575,"A3","B2"
1.98290323852847,0.177835785384349,4.43734516953866,-5.52723669792809,0.209776608431551,"A3","B3"
0.978725492154086,-0.276568702614843,5.20714272376298,4.09308616991159,-0.0231698841975824,"A3","B4"
1.93168415434125,-0.298854758348156,6.2280774574073,-3.09858928374274,0.182173527511521,"A3","B1"
28.1683042330688,1.40254875940541,4.56998743069587,-1.04871038983866,0.412366267401114,"A3","B2"
2.41664087476392,0.259176318152682,6.33190835172714,-5.09514258656545,0.155313690557247,"A3","B3"
9.6742345342345,0.810189900649211,4.2367328439275,-4.31250183583271,-0.0373164045454386,"A3","B4"
19.932962656545,0.806061746325424,6.23231883156069,-5.15726225114806,-0.101979703054622,"A3","B1"
3.79929845249734,0.418844511540937,5.60905866292592,-3.82496755252557,0.142815364274389,"A3","B2"
12.2170317862454,0.90593658927693,4.17745991612548,-0.309246685860713,-0.207052608107807,"A3","B3"
36.1559354348573,1.59841677317377,4.95235164352737,-4.91923045774685,0.37896980354977,"A3","B4"
64.1237993016044,1.5245951687031,5.17067801069875,-3.22839545331244,0.0113586118717488,"A3","B1"
33.8895843281205,1.31622281974023,3.77492867389802,-0.453962755068272,-0.340145188685673,"A3","B2"
5.63133144777013,0.627135596407027,5.38733288420762,-1.14882341079396,-0.0129673802155803,"A3","B3"
6.85646174433135,0.745594139636279,5.49066777697389,-8.96545478183834,0.178631745376689,"A3","B4"
6.69372501033989,0.337956710631441,7.23912608412108,-1.10521418294744,-0.047536901080566,"A3","B1"
1.01884078998953,-0.331025121929317,5.89221230896246,-8.83243609140362,-0.176756072036356,"A3","B2"
27.9486215771251,1.38386692543648,5.79893258373295,-1.56787492836344,-0.0536228626894618,"A3","B3"
6.48316591767031,0.512900524323904,6.93544276888011,2.33618977345392,-0.285031854621885,"A3","B4"
24.3017187796827,1.06425541679509,5.39424989963198,-0.336322404755697,0.0565458940483123,"A3","B1"
0.410788109146852,-0.690179030698521,5.63252149437169,-6.30949218424578,-0.0317959167263246,"A3","B2"
1.53557505532427,-0.0301327760762657,5.10259110247978,-3.90790111700908,-0.0282087154924353,"A3","B3"
11.3685227336327,0.968570270091454,6.01021099822561,-0.498613704388361,0.0772477291295453,"A3","B4"
21.2574207998565,0.927225860165277,6.21467838526569,-10.2285914866465,-0.0947709570052205,"A3","B1"
17.4920593468096,1.23036470155204,5.50087065830807,-2.22764284904693,0.236380418989791,"A3","B2"
1.6793255399349,-0.206549388944597,4.09053204908015,-9.52121530946938,-0.169276518894658,"A3","B3"
9.85646056943338,0.783701626712241,2.80279148801816,-2.92149696206059,-0.046219258501552,"A3","B4"
25.0688753906649,0.791593826717843,5.43854532217057,-4.72166952324976,-0.308394971808764,"A3","B1"
1.23477087002453,-0.153399416732212,3.97058516965913,-2.16878189213376,-0.0251812849798651,"A3","B2"
2.38961775927503,0.229806963068948,5.71307810393455,-2.20858793315691,0.17830772707752,"A3","B3"
24.5479443107619,1.47384633236602,6.02826853911963,-0.331625968494902,0.141739396154773,"A3","B4"
8.65775173677554,0.526795135178727,4.42936727458143,-4.59507486573551,0.273096959653382,"A3","B1"
6.98429022911435,0.675831420277619,4.56599131815988,-3.86663023069049,0.0293882316148478,"A3","B2"
2.76248458302437,0.164511730503031,6.00531746476826,3.97271316484933,0.00687531231764044,"A3","B3"
4.65055186861547,0.638976847403072,6.20354481603093,-0.584790991753769,0.270180905243276,"A3","B4"
19.8340882158562,0.845585636437442,6.49618269695643,-5.47422441128037,-0.072956885856857,"A3","B1"
10.8789018080325,0.911897664353043,4.84340156779291,-1.15797706356843,-0.164193182355486,"A3","B2"
32.7633870947721,1.57253251024015,4.06396948027212,-2.98144893121207,-0.0894914219515794,"A3","B3"
0.384372865533231,-0.673471989181686,5.3525386461785,-1.48061012253354,0.223931328097998,"A3","B4"
9.67157838045248,0.574795990307604,3.71381135344592,-6.10882702710235,0.0418566084412069,"A3","B1"
1.0935638044185,-0.171265740864772,4.72747714493016,-9.17454891559809,0.116737875403627,"A3","B2"
7.48094682224797,0.776651537751949,5.1569148369111,-6.55110474398813,-0.137216436409978,"A3","B3"
31.0035181065124,1.2949814213477,4.11818713176492,-4.56562385611357,-0.203698082518426,"A3","B4"
6.14327009697733,0.20656020280645,4.87810217463987,-6.46792871028865,-0.226950676530484,"A3","B1"
0.768622562331271,-0.4161886531047,4.1447493273765,2.12163272172443,-0.0916500940647036,"A3","B2"
9.40805311787989,0.944069716326009,3.99427126500323,-4.20433754193194,0.17347524598067,"A3","B3"
23.5378730706894,1.29674423617814,4.08604760917358,-3.23414472360134,0.14141000126436,"A3","B4"
14.3711807216528,0.758427335331193,2.92176634061834,-5.06769725884457,0.044032798979844,"A3","B1"
1.21865348497946,-0.147835840147412,4.85935287636999,-5.11020777468866,0.0634459604033349,"A3","B2"
8.63123884205658,0.527307787664688,6.2996376498866,-2.38299116665922,-0.461733858238188,"A3","B3"
2.07667286100934,0.107675313404228,4.97063121680579,-1.7394748155688,-0.152825371697527,"A3","B4"
3.26134681050571,-0.024676409478133,2.76337816236332,0.1911447794945,-0.0514430703543146,"A3","B1"
44.6381265120564,1.66525598120236,5.54503006646479,-5.18304430936897,0.234349399436787,"A3","B2"
24.1797830266664,1.20135269143372,5.83084205243866,-0.378878076304861,-0.129071853104602,"A3","B3"
19.5604229418826,0.971300425345763,4.50242085689913,-7.16527271333638,-0.358112371133307,"A3","B4"
25.0497610573234,0.913129143576215,4.39897259574374,-2.06990475189951,-0.215957104936263,"A3","B1"
1.78991595464642,0.0942297549044593,4.48780218591674,-2.42983735664539,0.142889761499155,"A3","B2"
11.3817172501993,0.738124140376827,4.99506762024265,-3.49141411095277,-0.362588946766519,"A3","B3"
10.4709164664182,1.01062920374055,4.90285208729086,-1.45952824651816,0.209633778979848,"A3","B4"
15.5590921703832,0.822691537103038,4.97596460272449,-0.299711127364297,0.040543173438762,"A3","B1"
14.3709107357505,1.02157177577572,4.87260966238567,-2.64038711477027,0.0562422718022458,"A3","B2"
2.85012844416071,0.347815443653169,4.86811437963695,-0.175417779572019,0.206411601614603,"A3","B3"
45.0440552591447,1.73855545848149,5.45374225545921,-1.45353214497012,0.458775710724838,"A3","B4"
22.7676392262946,0.985610336518722,3.59366416564132,-4.66428430123226,-0.0118512054775174,"A3","B1"
29.9554323085058,1.43354959228336,5.2109307869533,-0.682869294382769,0.082280271178066,"A3","B2"
10.8034010115413,0.836021234507393,5.75233608948797,-0.769211076593612,-0.255848335928863,"A3","B3"
3.12940876143794,0.346023309581331,5.13837954673984,-4.76895745155526,-0.085300370266635,"A3","B4"
13.6482483925488,0.768261858355436,5.15968001236634,-1.12109940716663,0.169991489026172,"A3","B1"
18.0671802850932,0.912435032675838,5.22843531823039,-8.62909722786782,-0.360602642442252,"A3","B2"
2.34148356837787,0.018049260493099,3.83721628318659,-2.58046168987443,-0.193910793232734,"A3","B3"
1.688867396657,0.0724587444501046,5.85465851940679,-2.27908747832753,0.330135757556244,"A3","B4"
47.4756341591875,1.44347347101283,4.757904121409,-2.64005408616797,0.13319138470454,"A3","B1"
2.19108853370708,0.304090314002409,2.98400457763908,-9.03513199182431,0.0722229288183604,"A3","B2"
1.84833804237613,0.00968352552500701,4.77230950669523,-4.12098066041762,-0.0975597587922236,"A3","B3"
8.11872986133834,0.843666050278521,5.22416983261698,-5.99151101398598,0.285676451522752,"A3","B4"
6.83893071150871,0.247478241239552,4.26317507837743,-6.39330692829428,-0.180850528814066,"A3","B1"
61.8269859565759,1.57885990825321,4.15328925945976,-2.95437190731088,-0.41873873910321,"A3","B2"
2.60275770333842,0.200101218087582,4.88854113978356,-1.78888385744687,0.184335796149464,"A3","B3"
3.43789436700514,0.152726653364624,4.68839834363474,-4.62363154184529,-0.369804561345443,"A3","B4"
16.7546693476798,0.611962703760644,3.57967614150919,-5.3545829345123,-0.331978738296989,"A2","B1"
1.67848337349992,-0.0781116651203867,2.53306135313902,-10.680157321254,-0.0552720472950669,"A2","B2"
9.75097933103211,0.711209263893499,5.48471583548113,-2.78159764946431,-0.165686744368385,"A2","B3"
1.07063251278717,-0.162377627924463,4.06202768923576,-0.749269271800768,-0.137214180385699,"A2","B4"
10.9849972026035,0.570542156430142,8.33073330557046,-3.38474664264644,-0.0543215538986318,"A2","B1"
1.88143304148104,0.231976000754527,4.83705453668101,-4.46360017551642,0.248762111372927,"A2","B2"
3.14909441714134,0.344196957710926,5.22045578480086,-0.27363662567256,-0.034404284411782,"A2","B3"
43.6940982407759,1.27805482130063,5.87621081167933,-8.55739244503057,-0.50929491970408,"A2","B4"
4.96346900067562,0.275983354352765,2.85103704808468,-3.9304437175831,0.328125499952096,"A2","B1"
5.99496000116179,0.660561768746984,4.76624864723609,-3.94159477179894,0.194047352136894,"A2","B2"
1.29146858860133,-0.115086123440095,3.00150715411552,-2.92934632459003,0.0040614933421869,"A2","B3"
2.69547522852066,-0.162029346077077,3.76521960043203,0.550378988151548,-0.530279549189819,"A2","B4"
27.6705447311105,1.13062113719415,5.84630371767861,-4.65849974402135,0.223562342440432,"A2","B1"
19.6549251528973,1.15961585982117,4.95350518185825,-1.20887913695065,-0.163816681286052,"A2","B2"
3.50970021584897,0.459623119315983,5.40364276525954,-0.957091851179948,0.340910003426677,"A2","B3"
2.21869604820828,0.247455096864254,5.767454660414,-2.96411685534884,0.169971166298925,"A2","B4"
9.26242342426013,0.473923203334838,5.86710150194461,-3.6204226900324,0.108667412574522,"A2","B1"
7.90688610757337,0.814430312554218,3.74541885100498,-0.783452858832497,0.0112070906770348,"A2","B2"
39.0774739836931,1.59000119874242,4.84220201033697,-3.07716491308803,0.31680992264621,"A2","B3"
6.88995087341021,0.465491346740392,4.48768322030218,-8.3901830700179,-0.2877269091923,"A2","B4"
43.0898935693973,1.2724318010188,5.41302086839955,-8.44683237350616,-0.127943722505718,"A2","B1"
17.5214180817177,1.16072600858132,5.56425626094745,-3.77323610408403,0.0173530933418368,"A2","B2"
6.3115231450811,0.661075787681401,5.72606595210077,-3.18218171607591,0.0933622357981759,"A2","B3"
19.8677846153542,1.26547755986758,4.58489778484176,-0.0243788155687423,0.083450564754104,"A2","B4"
5.56375621741762,0.289380153330713,5.04161530016541,-5.90532292958317,0.121578950420794,"A2","B1"
1.42691308563904,-0.0794105114090689,5.22429205051533,-1.85783826399361,0.0560419788314321,"A2","B2"
0.959907427386812,-0.422684144710734,5.78640914041459,-2.35947077787489,-0.235253514137511,"A2","B3"
18.7671920137723,1.07866264352857,4.57663716276696,-5.9055195958091,-0.258846713622272,"A2","B4"
1.12849646243532,-0.561774940507379,4.63246604344955,1.4846192963448,-0.0637481411655601,"A2","B1"
1.34719084567842,-0.0980157590554154,3.23297969406904,-4.00865953848679,0.169171514230836,"A2","B2"
19.4400298492305,1.32109599538367,4.81646212412334,-8.10188376191944,0.0118083400869673,"A2","B3"
11.3606188917833,0.941827416581007,5.83487199727826,-7.40303297463005,0.0560106257889031,"A2","B4"
18.588345923756,0.762437945517958,4.41279948883786,-3.64904595177378,-0.167318242453555,"A2","B1"
1.19754856646062,-0.0923295328153859,4.64106759741377,0.455354954000083,0.130706632723443,"A2","B2"
72.7243277616107,1.8278941360714,7.11412883607947,-1.09955862947692,-0.180508192324687,"A2","B3"
3.07416534529737,-0.0239568551091558,5.64541105238532,-3.83192899491528,-0.406510402909157,"A2","B4"
3.29155012343104,-0.00556126180951888,4.6876800443696,-8.23004344445691,0.268579305072311,"A2","B1"
9.41970324039494,0.834460826257166,6.18544828285913,-6.05565852071849,-0.0199209411001148,"A2","B2"
6.53094834551339,0.564588646838097,5.55379896394427,-3.92844377436521,-0.264109156450839,"A2","B3"
2.77763222963416,0.288711566473243,4.94624606128197,-4.54201662280983,0.0980064105207876,"A2","B4"
3.28683353015103,-0.0701320724240629,7.12746303485883,-5.22439858206587,-0.0274020697298721,"A2","B1"
1.40799824343556,-0.14685764501627,4.81229352055578,-2.42635040369661,-0.0108603248972074,"A2","B2"
2.50491766401263,0.202650615464553,5.09875784493933,-6.50095087316116,-0.128943135953155,"A2","B3"
0.887078728726064,-0.250407040110419,6.91037814936148,-7.87842347485422,0.00407832193990961,"A2","B4"
8.03932719845048,0.50792784653278,6.62145571560741,-5.93069171020932,-0.0540902036345397,"A2","B1"
8.72376285789723,0.77008478384611,7.0930679948022,-5.06586355565633,-0.0944464859478884,"A2","B2"
1.69761161070349,-0.273645983522849,4.30776407206638,-1.77659733801338,-0.427535069860795,"A2","B3"
10.8948102110992,0.924826464964219,2.71280188913353,-6.36421534197138,0.0194654146945342,"A2","B4"
24.5557830786195,0.948006592166225,3.34439832512952,-7.68880254002591,-0.0758657152184303,"A2","B1"
4.95795062187959,0.569345498404864,5.56950941791517,-2.29601568966463,0.0868385805826176,"A2","B2"
1.03701610140047,-0.309664161183069,4.5287774133577,-8.95128158938558,-0.0231328589273128,"A2","B3"
11.7349738599455,0.774198961507201,4.96679032262571,-0.0659025955929256,-0.259794093671331,"A2","B4"
14.8653590454673,0.597641076905626,5.37736706776052,-3.9778404186826,-0.289481298631153,"A2","B1"
2.05506341759275,0.0967510026182647,6.15771800072853,-3.68043988607525,0.0235753401426481,"A2","B2"
4.6627709376519,0.445687882396437,6.39864999962659,-1.73300900873824,-0.142651307603273,"A2","B3"
4.99430152548158,0.374526688073844,7.11850393063946,-3.58057606034569,-0.302079155300231,"A2","B4"
49.9358943628648,1.34967333426659,3.91254013049201,-3.81305066767842,-0.0583008777223261,"A2","B1"
3.37627820029386,0.327850601867516,6.21603338663365,-3.79482715638518,-0.178133842919571,"A2","B2"
5.74539170639815,0.533886030702109,5.67722530463159,-4.66016464900718,-0.137095351227349,"A2","B3"
2.40948435816666,0.174715136572971,4.27362309235246,-4.3101238361067,-0.0127864578861914,"A2","B4"
5.60098757063148,0.256180742398457,5.11284394166853,-2.02474007914067,-0.0539316080873769,"A2","B1"
22.2038147725829,0.651575618628832,5.06521357478166,-5.34643527114284,-0.666935072708005,"A2","B2"
3.0549385497848,0.379012990185373,4.36937278891417,-1.43690411788314,0.210254752485243,"A2","B3"
2.55572042610077,0.259133216249051,5.51885546276613,2.66358155800018,0.258203913422758,"A2","B4"
3.09708348619752,0.00409856787163732,4.19705550014367,1.74953423866032,0.247649813409209,"A2","B1"
5.36982809743208,0.359675430597785,4.31837679869162,-3.39548254472879,-0.380331262837905,"A2","B2"
9.88052449417958,0.816508672090086,4.96283727814652,-7.73422997011391,-0.0885352713829915,"A2","B3"
1.44134003282185,-0.119909171553929,4.71272568477372,-5.30919269557207,0.247452937170848,"A2","B4"
46.2664468968854,1.38215703449716,3.97397283265389,-6.26790479991664,-0.0069257207605408,"A2","B1"
4.92138382917476,0.488160055923496,6.39835918459911,-5.2125909017738,0.174111541504866,"A2","B2"
8.09934165361453,0.599960241913717,5.83669024580683,-0.293547385629568,-0.2716707054129,"A2","B3"
13.9130073461748,1.17359638882,4.67010373618225,-4.04822104935045,0.0430022464239868,"A2","B4"
9.0222180546666,0.518036743899849,5.53480225613094,-1.23021000979728,0.0898158377451625,"A2","B1"
9.13684862790328,0.912290565283367,3.79274681070674,-3.47342515519256,0.240892356930569,"A2","B2"
0.872860893800166,-0.35133592580301,5.62876731504835,-0.606378921739003,0.232435348419568,"A2","B3"
6.41444883275788,0.740475077633841,5.57616473280411,0.259685448663892,0.0381708673884788,"A2","B4"
109.307506966314,1.74177504466313,6.23622387908971,-0.495128992981501,-0.111839880504525,"A2","B1"
7.88455725509419,0.700682493752803,5.47553963797917,-3.89059652546414,-0.236900419392755,"A2","B2"
6.4808514087913,0.607588585373522,3.45285251160974,2.56290405360007,-0.0225932625945153,"A2","B3"
0.685588833399525,-0.4078561764514,5.05546879788962,0.894996605932915,0.205849356722408,"A2","B4"
3.11262037754773,0.0441302878835617,5.68006209093678,-4.60572329457897,-0.137517867035421,"A2","B1"
4.52221326868205,0.475477654573189,3.64979843020687,-5.65299395603111,-0.0698900617288697,"A2","B2"
2.61258772143367,0.297306261659093,5.24510244448737,2.58309904057547,-0.0295312212019114,"A2","B3"
14.1121401011419,1.06519089892343,4.69265146404799,-3.81177627435151,0.0854067314661077,"A2","B4"
36.2822003137148,0.907732367536286,5.73136456653745,-1.24307728310807,-0.297393981892156,"A2","B1"
4.30990203948509,0.538208759524071,5.20138180605695,-4.73117332354602,0.111725809399043,"A2","B2"
20.0902327502616,1.22687367562486,3.42453716713106,-3.95704472689109,-0.0470879351262163,"A2","B3"
6.4639429439064,0.687060541718131,5.02353877743927,-3.94207539834911,0.0431595923073773,"A2","B4"
7.8869794023976,0.414547972123713,5.80164111102937,-4.97801592205779,-0.0143486828138561,"A2","B1"
3.83685318848191,0.248893594074746,2.44437262528788,-6.66947944046449,-0.33023625372102,"A2","B2"
8.9506930194668,0.771761053970316,4.47308931905085,-2.67238762309595,-0.146660829039242,"A2","B3"
2.56550322059455,0.247406998574188,3.68714110936487,-3.70322220028389,-0.000377257711424799,"A2","B4"
19.3450182089763,0.893397894701006,5.80086134632853,-2.51416605967317,0.140078550771339,"A2","B1"
6.03110280862555,0.650474700804221,5.71310077052542,-5.56771162699611,0.157167307219945,"A2","B2"
18.9210605606696,1.15511195337369,6.03191486258691,-6.64082911777633,-0.204941937778564,"A2","B3"
10.6753828043927,0.899216885136056,6.68180849795089,-3.20316442476173,-0.0748189181200901,"A2","B4"
27.9138581056515,0.925430218807218,4.77368960410802,1.36940560893378,-0.148729792121239,"A2","B1"
2.89821760727481,0.278216015952655,4.80207096811746,-7.32881687160287,-0.134941657472407,"A2","B2"
2.74737579508739,0.27661260619521,6.04370225232125,-4.53758968146879,-0.1352670842255,"A2","B3"
4.03045770994848,0.506652520888075,4.55826265240502,-2.26804862422375,-0.194727500605475,"A2","B4"
4.59370196881024,-0.218072853113537,3.36337090268042,2.03253537386626,-0.152911478833462,"A1","B1"
3.50963133746601,0.185370176368599,5.21156259323186,-2.76157783601262,0.19583919021465,"A1","B2"
9.80685888372659,0.62176088281267,4.53516827155751,-5.56928248985082,0.234766523608917,"A1","B3"
18.3548919136946,1.02918111667299,4.33764278804383,-5.33633186143306,0.27493328308364,"A1","B4"
36.0665693786539,0.915674408957514,4.8670464028544,-4.14280825277124,0.24054766993448,"A1","B1"
8.95359935715323,0.552605907976166,3.67829829048875,-8.69207501917728,0.00538987340344695,"A1","B2"
1.09955445961654,-0.370856547228677,5.07669278134322,-3.21531273506345,0.142252060497251,"A1","B3"
13.3924846068335,0.822623496882613,4.61500912061805,-6.09259377447009,-0.0182904752938488,"A1","B4"
17.5075638256368,0.54855211233804,5.94730644450216,-0.987913570528185,-0.0233723255803793,"A1","B1"
9.32590109847764,0.461633152730911,5.02168627194479,-4.08386326481788,-0.225157786840249,"A1","B2"
19.1628982236264,0.995975338850874,4.54170599222817,-3.83791906850601,0.227974287021856,"A1","B3"
3.50381026508403,0.0703746193754491,5.22886214469694,-4.93767122098593,-0.0918982475379424,"A1","B4"
14.1353896765622,0.359210155837797,3.60359237150823,-4.54718727864277,-0.184133038169097,"A1","B1"
65.4074199180996,1.53312363534536,5.92429420212992,-7.1236683985837,-0.06078615581537,"A1","B2"
3.43711355999665,0.194223511091652,5.06621604105375,0.0311334853396197,0.0535370506356835,"A1","B3"
13.2560761453682,0.657806412332409,5.80289084221957,-1.63888063062327,-0.251392200630641,"A1","B4"
25.638569834517,0.830146689072413,4.93947473874316,-2.17535900866527,0.31059865771728,"A1","B1"
1.76792737274536,-0.361101203572557,5.08932861914223,-6.81537367441466,0.657804442220455,"A1","B2"
0.824021851765189,-0.567313024174311,5.40131137647635,-0.0792142742453534,0.28613751460916,"A1","B3"
6.6402836775184,0.5344727990685,4.11143939599575,0.842361371091205,0.280586656934277,"A1","B4"
42.366511251779,0.93391087129055,6.44916942543378,-3.07762964202597,0.00414301312773659,"A1","B1"
0.609387440878739,-0.645022089729377,5.20551047185944,-8.2078913399769,0.244417976921373,"A1","B2"
6.38556424381514,0.42490485589584,4.9438800323356,-5.835527651154,-0.115420726673096,"A1","B3"
4.82278950038881,0.365609103604479,4.36014054465686,-4.38335891618212,0.165084029108713,"A1","B4"
112.463492642301,1.39566602057366,5.71778099875746,-1.32130158818951,0.0765674496963068,"A1","B1"
19.2273970697545,0.836134020849045,4.93549970889452,-2.3778849066395,-0.242332515942905,"A1","B2"
5.18245144256688,0.395349431851633,5.13242959590706,-1.79845119076504,0.223259301687416,"A1","B3"
8.61849228646664,0.506091253062186,5.03471508455409,-3.15422900962921,-0.163602395063793,"A1","B4"
73.1059812176514,1.2670584321922,5.28165263482086,-0.525165912937315,-0.0889729696165736,"A1","B1"
7.18026281032452,0.53864590820357,5.91927825482767,-8.03420251058282,0.168932257953512,"A1","B2"
7.15217501809096,0.539218766374463,3.9572768470741,-5.76983824880213,0.19025183582744,"A1","B3"
3.67052088602182,0.110369464785152,4.7863773197946,-4.97234500391204,-0.172480259415282,"A1","B4"
15.8194162140264,0.583279834365935,6.77794707687002,1.96482539022705,0.122451623323729,"A1","B1"
8.77549202932083,0.632662284887375,6.46094086182791,-6.49178744241318,-0.0210041046030418,"A1","B2"
23.1965761208674,0.945390354810134,4.63544917742199,-5.63742820347154,-0.150752452714603,"A1","B3"
10.8323152699528,0.266055815266744,4.38683957862602,-2.32616090733939,-0.554298560210414,"A1","B4"
29.6763105860313,0.879187278403425,5.4959067804406,1.26164988601574,-0.0197286852835565,"A1","B1"
5.0094242196399,0.17913182111503,5.24563858632494,-1.49723793236561,-0.172504236746843,"A1","B2"
13.3349052739381,0.813835911623714,4.87209519016781,-2.14551119409058,0.00238288396723436,"A1","B3"
10.4470122914252,0.624165063411491,3.74956058188581,-5.16172449178132,0.0455804843169067,"A1","B4"
6.96790318069039,0.149962091637896,6.6343509612082,-0.31061717411396,0.150973614694519,"A1","B1"
3.95178790096189,0.216299207440408,5.97543576436395,-7.29740300185835,0.0420441842809044,"A1","B2"
5.49877781399984,0.369303037055272,6.08407793761813,-1.84202209792794,-0.130715967060215,"A1","B3"
2.919408662388,-0.0319425178932924,4.64061272854046,-6.33196245143876,0.050370179855598,"A1","B4"
12.1760112608677,0.446815673005625,3.9844803269369,-3.2265103134853,-0.0831300715929195,"A1","B1"
16.5011391609734,0.885551869837792,6.33552147320614,-7.16166665740026,-0.0384047277861446,"A1","B2"
109.838570461951,1.87370177112436,4.8444377239424,-2.17585903731726,0.0265458822186919,"A1","B3"
5.58856058981541,0.458032621462093,5.92660849817811,-1.36106411193346,0.0488957519197417,"A1","B4"
21.7709048403668,0.771783817125142,5.88924568826877,-4.61728383021122,0.260975929824664,"A1","B1"
18.4392927957991,0.876430605317695,5.14511699157134,-8.52449758392834,-0.188144813107769,"A1","B2"
2.6391804743269,0.0956629361710656,4.18135337389033,-5.37086685302724,0.267380083748017,"A1","B3"
18.126644617657,1.00055992369536,3.76317713879571,-6.28220437796778,0.36718634123317,"A1","B4"
28.4045463802721,0.728026252316309,7.31722564578261,-1.60890789873145,-0.140786953995702,"A1","B1"
1.82946127414795,-0.217125153715538,5.05072430823386,-2.9497035648239,-0.0979400146415653,"A1","B2"
6.47827029984701,0.367347591860962,5.29083550974162,-0.858853234625712,-0.172447883747629,"A1","B3"
12.1491655229794,0.82088458182087,3.18871026014826,-1.88183880800785,0.135715757377332,"A1","B4"
12.4650950711013,0.292489485644212,3.85485231381873,-4.89425620585971,-0.273741309035264,"A1","B1"
4.37097506376093,0.270212161888031,6.28087282215109,-4.03558417479916,0.221586252973224,"A1","B2"
3.56390735191392,0.103752992140357,3.64052997897714,-3.70101933852951,-0.150332921970316,"A1","B3"
3.14258216261629,-0.079269566737692,6.8849707369725,-10.2081294950994,-0.1721725140872,"A1","B4"
29.3662029255077,0.855444999224218,3.63139843964045,-5.52304697809301,0.110000896425057,"A1","B1"
25.2447560500163,1.13380087611912,5.543940411562,-4.57673268522785,-0.099479606262388,"A1","B2"
6.40810108318037,0.428424472124681,3.7619698316026,-0.105971785409033,0.0581827817653765,"A1","B3"
4.62694233015544,0.242485546828402,6.87713234257007,0.506063393311994,0.348528590710152,"A1","B4"
53.9553645861616,1.2414455921541,3.55418992807293,-2.88742309377515,0.0342196081771263,"A1","B1"
5.82810631962172,0.418705545036865,4.84663260236623,-6.17835115120727,0.333246184774117,"A1","B2"
7.61959933220618,0.520854587201158,4.05431137973126,-3.6095965762918,0.0561027812872928,"A1","B3"
11.7391198164408,0.741519948069432,5.31240499413719,-3.78156750647559,0.266519020958786,"A1","B4"
5.12412486844159,-0.0900635869639339,5.27472437501843,-7.5107785241755,0.161639928249215,"A1","B1"
3.77568971404635,0.168213130428603,4.68455768359364,-6.57463944524733,0.0788879995974757,"A1","B2"
6.06348164952089,0.182675052893468,4.61563240201249,4.37122249694398,-0.239299759568149,"A1","B3"
4.15110826600685,0.149018484277053,3.57106426786575,-7.26421549856308,-0.20585869862552,"A1","B4"
59.5507136635462,0.788425189435658,5.96341768923641,-6.51201357073282,-0.593995796844351,"A1","B1"
0.801330457934464,-0.556540185362885,5.61378162134417,-1.16181347966708,0.0297472161347457,"A1","B2"
9.87874211404979,0.630454841337375,4.63144556678316,-1.48778126210558,-0.0578303291590775,"A1","B3"
22.0195716437369,1.07356359514483,3.19295534043626,-3.10081207947729,0.0834959749638035,"A1","B4"
14.2426664377184,0.507396824278101,6.35543844331659,0.203365233499947,-0.0155902218624806,"A1","B1"
5.41039076582059,0.344130378049022,5.44568016611477,-6.25309300726102,0.135989158341369,"A1","B2"
3.07574209489916,0.0219019459479213,5.16479479147032,-1.30273343317416,0.030197715652064,"A1","B3"
13.6935683369775,0.736706879270355,5.02997776587805,-3.82827243041279,-0.167628125187912,"A1","B4"
2.84750513652569,-0.256932039838616,4.32388708629879,-5.47712662766219,0.366573778438102,"A1","B1"
8.28655059723563,0.582140498835294,6.13604965148959,-1.52933839044146,-0.241954415248191,"A1","B2"
2.86943485047902,0.064567390717324,7.16933212747923,-5.77959558328424,0.0754803804491546,"A1","B3"
41.6591657308344,1.29666449715829,3.91098071026884,1.80764967427858,-0.215858956058027,"A1","B4"
31.2864740692146,0.823298761395891,3.89727390252862,-5.5826730600786,0.00263835716614718,"A1","B1"
11.5396696229481,0.678684842591322,6.3026361736082,-4.09653979839843,-0.0192528042229851,"A1","B2"
8.93638864756179,0.551196531599823,2.22167448968533,-3.01899576231039,-0.100013875712597,"A1","B3"
3.30196567975861,0.162366587402475,5.34131156062563,-10.1415923307707,0.224019435689149,"A1","B4"
45.5602084934024,0.986042511869713,4.77645021391604,1.5624589016207,-0.14460154385217,"A1","B1"
16.1293341678066,0.877934964624712,4.80122840481431,-4.85970635915498,0.00191804552418615,"A1","B2"
4.75133238013354,0.285857188466428,6.63330267976011,-4.45208671240744,-0.125717636995541,"A1","B3"
3.37605501637971,0.143037618142438,3.13037848686609,-5.77848289976504,-0.100888689928825,"A1","B4"
11.7007652782789,0.404807967216392,4.74991115316758,-3.8577768441537,-0.0171956102311264,"A1","B1"
12.0984380263115,0.69993240585812,3.62924066617709,1.7633860832786,-0.0406569091084321,"A1","B2"
3.19135428461204,0.0110775427479228,6.45126184360921,-1.02273293164583,0.609937241716767,"A1","B3"
11.1046849288165,0.591868454774549,2.86209022510675,0.618893637682433,-0.197314199843537,"A1","B4"
1.80931561367882,-0.57515526487187,4.42273895249167,-3.07448892605858,0.234666114781178,"A1","B1"
3.4669611431124,0.188516737127048,5.23644945155543,-5.71376205565579,0.0638479478013056,"A1","B2"
4.13099156192574,0.117280342114938,6.09985656336821,-4.34060944167116,-0.105465959924528,"A1","B3"
12.8052159366419,0.732154709391972,5.56128271365065,-2.62474313867731,0.056772396299972,"A1","B4"
27.2006394728629,0.761141084262416,7.30362700541773,0.444274069966487,-0.0349245111671919,"A4","B1"
8.84450012336366,0.504896879966169,7.0208958968894,-1.63495881201441,-0.134123331616718,"A4","B2"
4.52387600562777,0.279736901898546,4.94212148126018,3.06583915280125,0.101485150043814,"A4","B3"
24.8829480535376,1.0997447672507,5.44209337556445,-5.0858111129439,0.249486860542065,"A4","B4"
17.6077689684734,0.441265755341788,3.69666885988209,1.81189602187821,-0.249655108442374,"A4","B1"
14.192930682062,0.519104893690289,4.96477957174612,1.0551220071895,-0.386943731637601,"A4","B2"
24.3849944565813,1.09740281618564,5.92425431612853,-1.68145620728566,-0.152772503157059,"A4","B3"
7.17266297369378,0.671979176051453,4.6391716669548,1.71486510459178,0.285417748182345,"A4","B4"
10.7855611987869,0.335463512767506,5.46717268081643,-8.22375971047566,-0.0526673835618776,"A4","B1"
44.9202849706003,1.3354289584295,4.79876313941058,-7.45204440309464,0.117225071287584,"A4","B2"
2.96033652362462,0.0409708985905922,4.99465265681819,-4.66569765483653,0.204264428181425,"A4","B3"
5.95991306953675,0.456096335681343,4.46699671297506,-7.07581479234641,0.349546324341227,"A4","B4"
56.6704125719743,1.16014685991737,4.48458485877479,-3.24797137337196,0.204280753187222,"A4","B1"
43.5091067466961,1.36539306524911,4.91508909072892,-4.07470835685803,0.0133072026301877,"A4","B2"
81.3841879058795,1.58129803893838,5.43593334004116,-6.8673547713381,-0.0619479146284236,"A4","B3"
10.4425003876885,0.342133760333712,5.99795424397786,-0.0999504365577719,-0.426475166885589,"A4","B4"
8.59985018280442,0.212451947881657,3.8368107393373,-4.2613676994164,-0.0644761830334956,"A4","B1"
1.54530226267766,-0.203178217798943,6.68089383773506,-0.665355765885836,0.101069958243729,"A4","B2"
89.2762379549625,1.63392992677935,6.2171205130423,-1.26818108717838,-0.205511481175508,"A4","B3"
3.41512022255651,0.114573035514661,4.97256117314953,-4.19016507256634,0.232175727990317,"A4","B4"
24.7361845619032,0.690157848497196,4.70845439570271,-7.67241120471747,0.135735600107007,"A4","B1"
15.9419501274254,0.802568386377483,5.97262782127357,-4.64522374103344,-0.114980094490145,"A4","B2"
20.4236733105359,1.00983706840879,4.76029327069474,-2.34821945294245,0.00897883694888252,"A4","B3"
10.9967935649598,0.737471522074109,4.09828232431894,-0.260295091479412,0.0659846187187933,"A4","B4"
1.7546145637385,-0.592973220056293,4.36882567487738,1.65664453906111,-0.0633457135204026,"A4","B1"
17.9223685529411,0.966596083487577,3.3740249147657,0.804391959588107,0.110301897554976,"A4","B2"
13.4950091999979,0.737717710616363,2.85050405507428,-0.718795426388453,-0.108036961980989,"A4","B3"
12.8438156067594,0.695140800014201,7.11262792349993,-1.02245873942483,0.025683530414981,"A4","B4"
7.55065029496169,0.136335924578406,5.2690804332535,-1.03803104275762,0.355180972318549,"A4","B1"
20.5714963290104,0.993277974038296,4.48052784439055,1.66792894439142,-0.174386030943402,"A4","B2"
32.7364892539666,1.21199179933503,4.98426555589102,-1.7501673994554,-0.149025047935613,"A4","B3"
10.335034152396,0.742365255600169,4.8487470808801,-2.91583981849543,0.231235560566843,"A4","B4"
21.1943235458592,0.674618222967213,5.08823135381368,-10.098025718164,0.0248195305164325,"A4","B1"
17.6544756321478,0.930062124808095,5.77890251191971,-1.36186652793831,0.180268580164905,"A4","B2"
11.0188862995095,0.702305572304026,5.38672013758607,-3.26123143239325,0.0146116071363607,"A4","B3"
13.3883954581483,0.683522460699764,5.34795346701924,-1.89332363252462,-0.0953504730135241,"A4","B4"
3.42635393144589,-0.259599524753988,3.1004286205571,-7.32131813809896,0.175268283183295,"A4","B1"
31.3879392643342,1.27490166598934,4.94231758401207,-0.15497334469768,-0.020197207158884,"A4","B2"
17.6361533447643,0.749940532833833,4.52869501353887,-7.86740680859896,-0.384156858763336,"A4","B3"
13.2268126160512,0.730436425766186,5.63473129816543,-7.26612281737104,0.280593797899282,"A4","B4"
201.38660193739,1.53835496663872,4.03925630730888,-9.59867885959999,-0.413359134460453,"A4","B1"
5.43197339222181,0.346174717208496,4.19517538937138,-2.69327235079629,-0.0656275834011877,"A4","B2"
31.5940607532738,0.976185442589136,4.50405323783357,-8.10283275623737,-0.309776763088133,"A4","B3"
13.0377564775521,0.766394146530028,4.58152301607131,2.00270416492973,0.0473036712189088,"A4","B4"
12.3621008193745,0.452226145812343,4.34501554973224,-1.04601654439392,-0.0353025114812817,"A4","B1"
5.59091321516452,0.428968310783942,6.39548649027518,1.59974113340283,0.177638358297591,"A4","B2"
3.71432642652226,-0.0915128554891739,8.09369662832478,-3.02131225567946,-0.431210344343663,"A4","B3"
12.0980755458824,0.772659204767205,6.90082563123672,-2.80668884627576,0.134980587759176,"A4","B4"
1.06844639395495,-0.790927721290378,4.60468100732192,1.2756612559672,0.253294914672636,"A4","B1"
15.2352310510904,0.88945001526801,4.41329762747012,0.28792996604851,0.0718275701191386,"A4","B2"
9.89877194055472,0.646470151351927,5.46176538624796,-3.37150655396198,0.208007643861975,"A4","B3"
6.18222873416586,0.456646047325799,5.09720933866593,-4.80685138475983,0.113472202702578,"A4","B4"
3.08248464967985,-0.233179747730117,5.67602556416029,-6.28841863868698,-0.146836839923946,"A4","B1"
3.02527823659974,-0.041589724367899,4.25122945878855,-3.93389120964149,-0.288386451009615,"A4","B2"
27.3137229208947,1.02886868356326,6.02555255241429,-2.47458331256693,-0.21727272076149,"A4","B3"
5.27610814963105,0.319839599721789,4.30340461457831,-1.40757023986818,-0.201061072038066,"A4","B4"
21.7708996449648,0.675296882507696,3.72286456446695,-0.280767580970595,-0.0858037199757689,"A4","B1"
9.8614959295297,0.514128828096679,4.90757627156442,-2.85974061322305,0.00360768473470306,"A4","B2"
15.3750417481252,0.736524130511747,6.84746361219518,-2.44561521541971,-0.13348583737516,"A4","B3"
2.52621040634918,0.040422636164012,4.0703705443799,-4.51503549968674,0.193643649017427,"A4","B4"
9.89560083968257,0.312088281830228,3.96919984337975,0.272196661175459,0.27821058522966,"A4","B1"
1.41873470190883,-0.406416882156112,3.68048564525075,-3.55649467583456,-0.0388296892586186,"A4","B2"
11.1378373727595,0.644300105552482,4.91579429823265,-4.41426458631383,-0.0978315440779746,"A4","B3"
7.31408380650263,0.405188709361448,5.77390220699747,-1.10063438954684,-0.104810705381064,"A4","B4"
19.0640029891638,0.508930106605674,4.84005262655382,-3.81637335127119,-0.107198807696368,"A4","B1"
15.8073220612069,0.825215121213066,5.86330754226669,-0.621483607218291,-0.227179091207144,"A4","B2"
12.5208036336322,0.655127492710591,5.96937087783831,0.155040615206815,-0.223577623116872,"A4","B3"
45.9856738668505,1.33417858446194,5.61412904015206,-1.59722702245358,-0.249663159408791,"A4","B4"
37.513537599487,0.836307266805507,7.49691850680724,1.73327332845663,-0.182855861296214,"A4","B1"
5.34461353779158,0.36124100598693,6.15526488188743,0.577737598004461,0.14663607967975,"A4","B2"
5.39184180776733,0.426986804023582,6.87487161677876,-0.936573929933848,0.35374686854632,"A4","B3"
34.9340499732972,1.35071591583797,4.76244254331539,-4.62169702972094,0.00387942766383113,"A4","B4"
22.1131680066219,0.735678940285523,4.5472204617314,-0.921292313839222,-0.00422536151302585,"A4","B1"
12.5942311102051,0.790850039286821,4.28324848815168,-9.58212135206621,-0.041200731875014,"A4","B2"
16.4760072695775,0.833010348005159,5.48893426771708,-5.86214145152948,-0.205906316728502,"A4","B3"
4.9883150723352,0.11054888742054,5.83420158408053,-3.420551029912,-0.339831828824629,"A4","B4"
58.8321262775381,1.08166242391268,5.92586481545964,-1.89854915850331,-0.134424653869595,"A4","B1"
0.928739281848171,-0.482272097600174,5.94315515213513,-2.83242581234568,0.364992888467146,"A4","B2"
25.7693294038821,0.884585334130003,4.43992554485969,2.56166058096381,-0.305329724858605,"A4","B3"
68.7424044817201,1.62988599670509,5.68769928428966,0.7004669320992,0.12229832052836,"A4","B4"
9.57966003221426,0.261363854308493,5.21982542033565,-7.60037347690871,-0.0542497691503878,"A4","B1"
9.32597324678661,0.44870974560205,3.9947626107251,-2.78863317647077,-0.266817737372133,"A4","B2"
9.75597541350807,0.684348088078228,5.37310116358846,-1.12603747599952,0.469090764445142,"A4","B3"
3.77717228056506,0.232283503008723,5.46939156912999,-3.67194663101639,0.246867400380466,"A4","B4"
22.7388838542375,0.753300970657613,5.0646260775971,-1.94648806179047,0.305011579988184,"A4","B1"
5.96738735050538,0.424721451205107,6.00481544153691,-2.63338662696776,0.116221760334667,"A4","B2"
33.5596837988817,0.952121778100746,4.6261705800876,-8.41067225841748,-0.472220043082641,"A4","B3"
74.3387424591184,1.62101806873361,5.93610850408053,0.00448620314797799,-0.0153687910975897,"A4","B4"
4.68335613970566,-0.0975614453097686,5.84498858894407,0.597659498493609,0.276085278381413,"A4","B1"
4.4118879808184,0.290738716954328,6.09265815925723,-7.27801407013143,0.000286477212822695,"A4","B2"
17.0032221857093,0.899125697349478,5.62924459833816,-6.46255492100967,-0.0780877180135637,"A4","B3"
12.6036244579308,0.74908608169599,6.03723457827919,-2.41236185112337,0.0863647439619621,"A4","B4"
15.4565890674587,0.559780111685595,5.87061706922384,-1.53290069595021,0.125994586267596,"A4","B1"
7.83343541895762,0.316398640377729,4.37259161491887,-3.09045166649728,-0.31807780751719,"A4","B2"
9.69248912026439,0.631165542407439,5.43572898781582,-2.51345795103444,0.117569423775867,"A4","B3"
10.6143682689757,0.631352062412168,5.2394069412427,-2.68050153601412,0.0591731322861028,"A4","B4"
30.1701849107964,0.820369438996653,3.74387961984288,-6.5309006006104,-0.164125596181878,"A4","B1"
9.0304450384701,0.653544915385962,5.22356988347751,-0.196711718743686,0.0698802106914065,"A4","B2"
9.85424145201356,0.483435299611625,5.50458986897194,-1.73407610917079,-0.275550666462851,"A4","B3"
2.04985649553319,-0.187375263412763,7.11701460983184,-4.50905698425589,-0.17275249237063,"A4","B4"
